food_id,food_name,food_name_clean,old_image_url,old_status,old_status_detail,new_image_url,refresh_source,refresh_detail
FD0070,buah atung,buah atung,https://docplayer.info/docs-images/102/153072846/images/35-4.jpg,invalid_or_broken,<urlopen error [Errno 11001] getaddrinfo failed>,https://upload.wikimedia.org/wikipedia/commons/c/c9/Avocado_Hass_-_single_and_halved.jpg,category_fallback_fruit,trusted_category_fallback
FD0048,beef burger,beef burger,https://upload.wikimedia.org/wikipedia/commons/0/05/Beef_Burger_In_Kota_Kinabalu%2C_Malaysia.jpg,invalid_or_broken,HTTP Error 429: Too many requests - please contact noc@wikimedia.org to discuss a less disruptive approach or instead use thumbnail images in sizes listed on https://w.wiki/GHai. (,https://upload.wikimedia.org/wikipedia/commons/2/2c/Fried-Chicken-Set.jpg,category_fallback_protein,trusted_category_fallback
FD0055,bentul talas kukus,bentul talas kukus,https://i.ytimg.com/vi/zJ9Rg_MIGfY/maxresdefault.jpg,invalid_or_broken,HTTP Error 404: Not Found,https://upload.wikimedia.org/wikipedia/commons/6/69/Food_Sundanese_Restaurant%2C_Jakarta.jpg,category_fallback_menu,trusted_category_fallback
FD0065,bika ambon,bika ambon,https://upload.wikimedia.org/wikipedia/commons/4/43/Kue_bika_ambon.JPG,invalid_or_broken,HTTP Error 429: Too many requests - please contact noc@wikimedia.org to discuss a less disruptive approach or instead use thumbnail images in sizes listed on https://w.wiki/GHai. (,https://upload.wikimedia.org/wikipedia/commons/6/69/Food_Sundanese_Restaurant%2C_Jakarta.jpg,category_fallback_menu,trusted_category_fallback
FD0046,bayam tumis bersantan,bayam tumis bersantan,https://img.kurio.network/FnRZ04iY18q6h7oJzzZDFZOD5Zk=/1200x1200/filters:quality(80)/https://kurio-img.kurioapps.com/21/04/07/2ab69e8a-370d-460a-89ac-0efadafee196.jpe,invalid_or_broken,200 text/html; charset=UTF-8,https://upload.wikimedia.org/wikipedia/commons/7/79/Fried_vegetables_%28Hamsa_-_Kuwaiti_food_%29.JPG,category_fallback_vegetable,trusted_category_fallback
FD0049,beef teriyaki masakan,beef teriyaki masakan,https://www.masakapahariini.com/wp-content/uploads/2020/12/resep-beef-teriyaki-2-500x300.jpg,invalid_or_broken,HTTP Error 403: Forbidden,https://upload.wikimedia.org/wikipedia/commons/2/2c/Fried-Chicken-Set.jpg,category_fallback_protein,trusted_category_fallback
FD0014,ayam goreng church texa sayap,ayam goreng church texa sayap,https://e7.pngegg.com/pngimages/66/902/png-clipart-church-s-chicken-bakery-chicken-nugget-fried-chicken-texas-chicken-church-s-chicken-bakery-thumbnail.png,invalid_or_broken,HTTP Error 403: Forbidden,https://upload.wikimedia.org/wikipedia/commons/2/2c/Fried-Chicken-Set.jpg,category_fallback_protein,trusted_category_fallback
FD0101,combro,combro,https://assets.suaramerdeka.com/crop/7x38:699x495/750x500/webp/photo/2021/11/01/2899515089.jpg,invalid_or_broken,<urlopen error [Errno 11001] getaddrinfo failed>,https://upload.wikimedia.org/wikipedia/commons/6/69/Food_Sundanese_Restaurant%2C_Jakarta.jpg,category_fallback_menu,trusted_category_fallback
FD0004,alpukat segar,alpukat segar,https://katakabar.com/assets/images/upload/news/medium_news_1594438184.jpeg,invalid_or_broken,HTTP Error 404: Not Found,https://upload.wikimedia.org/wikipedia/commons/c/c9/Avocado_Hass_-_single_and_halved.jpg,category_fallback_fruit,trusted_category_fallback
FD0083,buah tuppa segar,buah tuppa segar,https://drive.google.com/file/d/1LZOGoU3M3XcPbU5_HaAZ26ybCTbiTXpT/view?usp=sharing,invalid_or_broken,200 text/html; charset=utf-8,https://upload.wikimedia.org/wikipedia/commons/c/c9/Avocado_Hass_-_single_and_halved.jpg,category_fallback_fruit,trusted_category_fallback
FD0113,daun tales rebus,daun tales rebus,https://cdn-2.tstatic.net/belitung/foto/bank/images/buntil-daun-talas.jpg,invalid_or_broken,<urlopen error [Errno 11001] getaddrinfo failed>,https://upload.wikimedia.org/wikipedia/commons/7/79/Fried_vegetables_%28Hamsa_-_Kuwaiti_food_%29.JPG,category_fallback_vegetable,trusted_category_fallback
FD0056,beras giling masak nasi,beras giling masak nasi,https://e0.pxfuel.com/wallpapers/769/103/desktop-wallpaper-white-rice-rice-bowl.jpg,invalid_or_broken,HTTP Error 403: Forbidden,https://upload.wikimedia.org/wikipedia/commons/8/84/Cooked_Rice_2.jpg,category_fallback_rice,trusted_category_fallback
FD0125,dodol manado,dodol manado,https://cdn-2.tstatic.net/manado/foto/bank/images/dodol-amurang_khas-manado.jpg,invalid_or_broken,<urlopen error [Errno 11001] getaddrinfo failed>,https://upload.wikimedia.org/wikipedia/commons/5/5c/Snack_Dessert.jpg,category_fallback_snack,trusted_category_fallback
FD0128,duwet segar,duwet segar,https://t-2.tstatic.net/jogja/foto/bank/images/duwet-atau-jamblang_20181006_142430.jpg,invalid_or_broken,<urlopen error [Errno 11001] getaddrinfo failed>,https://upload.wikimedia.org/wikipedia/commons/c/c9/Avocado_Hass_-_single_and_halved.jpg,category_fallback_fruit,trusted_category_fallback
FD0129,empal daging goreng masakan,empal daging goreng masakan,https://cdn-2.tstatic.net/batam/foto/bank/images/resep-empal.jpg,invalid_or_broken,<urlopen error [Errno 11001] getaddrinfo failed>,https://upload.wikimedia.org/wikipedia/commons/2/2c/Fried-Chicken-Set.jpg,category_fallback_protein,trusted_category_fallback
FD0097,chikiniku masakan,chikiniku masakan,https://drive.google.com/file/d/1LZOGoU3M3XcPbU5_HaAZ26ybCTbiTXpT/view?usp=sharing,invalid_or_broken,200 text/html; charset=utf-8,https://upload.wikimedia.org/wikipedia/commons/6/69/Food_Sundanese_Restaurant%2C_Jakarta.jpg,category_fallback_menu,trusted_category_fallback
FD0119,djibokum masakan,djibokum masakan,https://drive.google.com/file/d/1LZOGoU3M3XcPbU5_HaAZ26ybCTbiTXpT/view?usp=sharing,invalid_or_broken,200 text/html; charset=utf-8,https://upload.wikimedia.org/wikipedia/commons/6/69/Food_Sundanese_Restaurant%2C_Jakarta.jpg,category_fallback_menu,trusted_category_fallback
FD0011,asinan bogor sayuran,asinan bogor sayuran,https://commons.wikimedia.org/wiki/Special:FilePath/Asinan%20Bogor.JPG,invalid_or_broken,HTTP Error 429: Too many requests - please contact noc@wikimedia.org to discuss a less disruptive approach or instead use thumbnail images in sizes listed on https://w.wiki/GHai. (,https://upload.wikimedia.org/wikipedia/commons/6/69/Food_Sundanese_Restaurant%2C_Jakarta.jpg,category_fallback_menu,trusted_category_fallback
FD0079,buah nona,buah nona,https://www.pantau.com/wp-content/uploads/2022/04/191111044328-buah-nona-buah-langka-yang-memiliki-segundang-manfaat-bagi-kesehatan.jpg,invalid_or_broken,HTTP Error 404: Not Found,https://upload.wikimedia.org/wikipedia/commons/c/c9/Avocado_Hass_-_single_and_halved.jpg,category_fallback_fruit,trusted_category_fallback
FD0132,emping komak,emping komak,https://s2.bukalapak.com/img/762986024/large/Cemilan__Emping_Komak_Lombok_.jpg,invalid_or_broken,HTTP Error 404: Not Found,https://upload.wikimedia.org/wikipedia/commons/5/5c/Snack_Dessert.jpg,category_fallback_snack,trusted_category_fallback
FD0060,bihun goreng,bihun goreng,https://commons.wikimedia.org/wiki/Special:FilePath/Bihun%20goreng.JPG,invalid_or_broken,HTTP Error 429: Too many requests - please contact noc@wikimedia.org to discuss a less disruptive approach or instead use thumbnail images in sizes listed on https://w.wiki/GHai. (,https://upload.wikimedia.org/wikipedia/commons/e/ed/MIE_KERING_MAKASSAR.jpg,category_fallback_noodle,trusted_category_fallback
FD0102,coto mangkasara kuda masakan,coto mangkasara kuda masakan,https://eljohnnews.com/wp-content/uploads/2018/08/Wisata-Kuliner-Coto-Makassar.png,invalid_or_broken,HTTP Error 404: Not Found,https://upload.wikimedia.org/wikipedia/commons/2/2c/Fried-Chicken-Set.jpg,category_fallback_protein,trusted_category_fallback
FD0161,gulai pliek,gulai pliek,https://mediakom.kemkes.go.id/wp-content/uploads/2021/08/kuah-pliek-u.png,invalid_or_broken,<urlopen error [Errno 11001] getaddrinfo failed>,https://upload.wikimedia.org/wikipedia/commons/2/2c/Fried-Chicken-Set.jpg,category_fallback_protein,trusted_category_fallback
FD0164,ikan asar merah masakan,ikan asar merah masakan,https://t-2.tstatic.net/medan/foto/bank/images2/Resep-Ikan-Asar-dan-Cara-Membuatnya-Hidangan-Khas-Maluku.jpg,invalid_or_broken,<urlopen error [Errno 11001] getaddrinfo failed>,https://upload.wikimedia.org/wikipedia/commons/2/2c/Fried-Chicken-Set.jpg,category_fallback_protein,trusted_category_fallback
FD0173,ikan baung bakar,ikan baung bakar,https://dherdian.files.wordpress.com/2014/12/ikan-baung.jpg,invalid_or_broken,200 text/html; charset=utf-8,https://upload.wikimedia.org/wikipedia/commons/2/2c/Fried-Chicken-Set.jpg,category_fallback_protein,trusted_category_fallback
FD0054,bengkuang,bengkuang,https://jovee.id/wp-content/uploads/2020/11/shutterstock_1830526784.jpg,invalid_or_broken,HTTP Error 403: Forbidden,https://upload.wikimedia.org/wikipedia/commons/7/79/Fried_vegetables_%28Hamsa_-_Kuwaiti_food_%29.JPG,category_fallback_vegetable,trusted_category_fallback
FD0063,biji jambu mete goreng,biji jambu mete goreng,https://jovee.id/wp-content/uploads/2020/09/KACANGMEDE.jpg,invalid_or_broken,HTTP Error 403: Forbidden,https://upload.wikimedia.org/wikipedia/commons/c/c9/Avocado_Hass_-_single_and_halved.jpg,category_fallback_fruit,trusted_category_fallback
FD0203,jagung sayur tumis,jagung sayur tumis,https://ibusayur.my.id/wp-content/uploads/2022/08/ibusayur.my.id-sayur-nangka-51661b26-eb56-4072-8613-65cb6b4c2ecb.png,invalid_or_broken,<urlopen error [Errno 11001] getaddrinfo failed>,https://upload.wikimedia.org/wikipedia/commons/7/79/Fried_vegetables_%28Hamsa_-_Kuwaiti_food_%29.JPG,category_fallback_vegetable,trusted_category_fallback
FD0196,jagung pipil var harapan kering,jagung pipil var harapan kering,https://s2.bukalapak.com/img/7921308452/large/IMG_20180418_WA0037_scaled.jpg,invalid_or_broken,HTTP Error 404: Not Found,https://upload.wikimedia.org/wikipedia/commons/6/69/Food_Sundanese_Restaurant%2C_Jakarta.jpg,category_fallback_menu,trusted_category_fallback
FD0158,gulai kambing,gulai kambing,https://kbu-cdn.com/dk/wp-content/uploads/gulai-kambing.jpg,invalid_or_broken,HTTP Error 404: Not Found,https://upload.wikimedia.org/wikipedia/commons/2/2c/Fried-Chicken-Set.jpg,category_fallback_protein,trusted_category_fallback
FD0182,ikan mujair goreng,ikan mujair goreng,https://kurio-img.kurioapps.com/22/10/07/3521e216-d7b3-498d-a045-95973e196c36.jpg,invalid_or_broken,200 text/html; charset=UTF-8,https://upload.wikimedia.org/wikipedia/commons/2/2c/Fried-Chicken-Set.jpg,category_fallback_protein,trusted_category_fallback
FD0218,jeruk garut,jeruk garut,https://upload.wikimedia.org/wikipedia/commons/c/c9/Avocado_Hass_-_single_and_halved.jpg,invalid_or_broken,HTTP Error 429: Too many requests - please contact noc@wikimedia.org to discuss a less disruptive approach or instead use thumbnail images in sizes listed on https://w.wiki/GHai. (,https://upload.wikimedia.org/wikipedia/commons/c/c9/Avocado_Hass_-_single_and_halved.jpg,category_fallback_fruit,trusted_category_fallback
FD0178,ikan lele goreng,ikan lele goreng,https://kbu-cdn.com/dk/wp-content/uploads/lele-goreng-bumbu-lengkuas.jpg,invalid_or_broken,HTTP Error 404: Not Found,https://upload.wikimedia.org/wikipedia/commons/2/2c/Fried-Chicken-Set.jpg,category_fallback_protein,trusted_category_fallback
FD0252,kacang tanah atom,kacang tanah atom,https://assets.ayobandung.com/crop/0x0:0x0/750x500/webp/photo/2022/11/21/4260757127.jpg,invalid_or_broken,<urlopen error [Errno 11001] getaddrinfo failed>,https://upload.wikimedia.org/wikipedia/commons/5/5c/Snack_Dessert.jpg,category_fallback_snack,trusted_category_fallback
FD0205,jam selai,jam selai,https://i0.wp.com/pinkkorset.com/wp-content/uploads/2016/07/selai.jpg,invalid_or_broken,HTTP Error 400: Bad Request,https://upload.wikimedia.org/wikipedia/commons/6/69/Food_Sundanese_Restaurant%2C_Jakarta.jpg,category_fallback_menu,trusted_category_fallback
FD0236,kacang kedelai basah,kacang kedelai basah,https://tempebumbung.files.wordpress.com/2016/01/biji-kedelai.jpg,invalid_or_broken,200 text/html; charset=utf-8,https://upload.wikimedia.org/wikipedia/commons/5/5c/Snack_Dessert.jpg,category_fallback_snack,trusted_category_fallback
FD0272,katul jagung,katul jagung,https://s2.bukalapak.com/img/2370243413/large/20180830_215736_scaled.jpg,invalid_or_broken,HTTP Error 404: Not Found,https://upload.wikimedia.org/wikipedia/commons/6/69/Food_Sundanese_Restaurant%2C_Jakarta.jpg,category_fallback_menu,trusted_category_fallback
FD0031,bagea kenari asin,bagea kenari asin,https://images.tokopedia.net/img/cache/700/hDjmkQ/2021/10/4/73219f10-0149-4af7-b1ca-c51d90ca767b.jpg,invalid_or_broken,HTTP Error 404: Not Found,https://upload.wikimedia.org/wikipedia/commons/5/5c/Snack_Dessert.jpg,category_fallback_snack,trusted_category_fallback
FD0290,keripik tempe abadi murni,keripik tempe abadi murni,8597be9ee32588c99d9ad731093cd18a (640×640) (shopee.co.id),invalid_or_broken,,https://upload.wikimedia.org/wikipedia/commons/5/5c/Snack_Dessert.jpg,category_fallback_snack,trusted_category_fallback
FD0291,keripik tempe abadi sedang,keripik tempe abadi sedang,kripik_tempe_abadi.jpg (600×450) (bukalapak.com),invalid_or_broken,,https://upload.wikimedia.org/wikipedia/commons/5/5c/Snack_Dessert.jpg,category_fallback_snack,trusted_category_fallback
FD0116,dendeng belut goreng,dendeng belut goreng,https://selerasa.com/wp-content/uploads/2015/11/images_dendeng-belut.JPG,invalid_or_broken,HTTP Error 404: Not Found,https://upload.wikimedia.org/wikipedia/commons/2/2c/Fried-Chicken-Set.jpg,category_fallback_protein,trusted_category_fallback
FD0294,kerupuk aci,kerupuk aci,https://alatpresplastik.com/wp-content/uploads/2022/01/kekekeru.jpg,invalid_or_broken,<urlopen error [Errno 11001] getaddrinfo failed>,https://upload.wikimedia.org/wikipedia/commons/5/5c/Snack_Dessert.jpg,category_fallback_snack,trusted_category_fallback
FD0292,keripik tempe abadi telur,keripik tempe abadi telur,https://s2.bukalapak.com/img/7559256151/large/kripik_tempe_abadi.jpg,invalid_or_broken,HTTP Error 404: Not Found,https://upload.wikimedia.org/wikipedia/commons/5/5c/Snack_Dessert.jpg,category_fallback_snack,trusted_category_fallback
FD0300,kerupuk melinjo tebal goreng asin,kerupuk melinjo tebal goreng asin,https://assets.indozone.id/content/2021/10/31/qEsgvo3/gampang-ini-cara-membuat-emping-melinjo-yang-gurih-dan-renyah30_700.jpg,invalid_or_broken,<urlopen error [Errno 11001] getaddrinfo failed>,https://upload.wikimedia.org/wikipedia/commons/5/5c/Snack_Dessert.jpg,category_fallback_snack,trusted_category_fallback
FD0301,kerupuk melinjo tebal goreng manis,kerupuk melinjo tebal goreng manis,https://assets.indozone.id/content/2021/10/31/qEsgvo3/gampang-ini-cara-membuat-emping-melinjo-yang-gurih-dan-renyah30_700.jpg,invalid_or_broken,<urlopen error [Errno 11001] getaddrinfo failed>,https://upload.wikimedia.org/wikipedia/commons/5/5c/Snack_Dessert.jpg,category_fallback_snack,trusted_category_fallback
FD0302,kerupuk melinjo tipis goreng,kerupuk melinjo tipis goreng,https://assets.indozone.id/content/2021/10/31/qEsgvo3/gampang-ini-cara-membuat-emping-melinjo-yang-gurih-dan-renyah30_700.jpg,invalid_or_broken,<urlopen error [Errno 11001] getaddrinfo failed>,https://upload.wikimedia.org/wikipedia/commons/5/5c/Snack_Dessert.jpg,category_fallback_snack,trusted_category_fallback
FD0250,kacang sukro,kacang sukro,https://icalan.id/userfile/filemanager/834//lz-olshop_1630921772-uTyPi.jpeg,invalid_or_broken,HTTP Error 403: Forbidden,https://upload.wikimedia.org/wikipedia/commons/5/5c/Snack_Dessert.jpg,category_fallback_snack,trusted_category_fallback
FD0073,buah kom segar,buah kom segar,https://images.tokopedia.net/img/cache/500-square/VqbcmM/2021/2/25/8a8932b4-ab82-4346-835e-07171fc1afec.jpg,invalid_or_broken,HTTP Error 404: Not Found,https://upload.wikimedia.org/wikipedia/commons/c/c9/Avocado_Hass_-_single_and_halved.jpg,category_fallback_fruit,trusted_category_fallback
FD0321,kue kelapa,kue kelapa,https://assets.suaramerdeka.com/crop/0x0:0x0/750x500/webp/photo/2023/01/03/3184254010.png,invalid_or_broken,<urlopen error [Errno 11001] getaddrinfo failed>,https://upload.wikimedia.org/wikipedia/commons/5/5c/Snack_Dessert.jpg,category_fallback_snack,trusted_category_fallback
FD0326,kue pia,kue pia,https://www.resepkuerenyah.com/wp-content/uploads/2015/05/Resep-Kue-Pia-Kacang-Hijau.jpg,invalid_or_broken,200 text/html,https://upload.wikimedia.org/wikipedia/commons/5/5c/Snack_Dessert.jpg,category_fallback_snack,trusted_category_fallback
FD0080,buah rotan segar,buah rotan segar,https://images.tokopedia.net/img/cache/700/hDjmkQ/2022/4/12/ad4d114e-599c-444e-9c1f-afa012cc8316.jpg,invalid_or_broken,HTTP Error 404: Not Found,https://upload.wikimedia.org/wikipedia/commons/c/c9/Avocado_Hass_-_single_and_halved.jpg,category_fallback_fruit,trusted_category_fallback
FD0323,kue lumpur,kue lumpur,https://img.kurio.network/u_ismzhaT5An97OjUr0AzVYEjCE=/1200x900/filters:quality(80)/https://kurio-img.kurioapps.com/21/09/21/eec4bac2-8193-41bd-b249-22a4afc28519.jpe,invalid_or_broken,200 text/html; charset=UTF-8,https://upload.wikimedia.org/wikipedia/commons/5/5c/Snack_Dessert.jpg,category_fallback_snack,trusted_category_fallback
FD0360,mangga segar,mangga segar,https://arahpantura.aboutsemarang.id/wp-content/uploads/2023/05/A6CCD5BB-60B4-46F0-87C4-A63241A9D6FC.png,invalid_or_broken,<urlopen error [Errno 11001] getaddrinfo failed>,https://upload.wikimedia.org/wikipedia/commons/c/c9/Avocado_Hass_-_single_and_halved.jpg,category_fallback_fruit,trusted_category_fallback
FD0293,keripik ubi,keripik ubi,https://kurio-img.kurioapps.com/21/09/02/38b4842e-bbd0-4c81-9ac4-2f41364dfbfc.jpe,invalid_or_broken,200 text/html; charset=UTF-8,https://upload.wikimedia.org/wikipedia/commons/5/5c/Snack_Dessert.jpg,category_fallback_snack,trusted_category_fallback
FD0367,martabak mesir,martabak mesir,https://www.resepkuerenyah.com/wp-content/uploads/2016/11/45.-resep-martabak-mesir.jpg,invalid_or_broken,200 text/html,https://upload.wikimedia.org/wikipedia/commons/5/5c/Snack_Dessert.jpg,category_fallback_snack,trusted_category_fallback
FD0204,jagung titi,jagung titi,https://www.goodnewsfromindonesia.id/uploads/post/large-jagung-titi-khas-nusa-tenggara-timur-tagar-auto-x2-6d59375d908da9e03022e47ce4038409.jpg,invalid_or_broken,HTTP Error 404: Not Found,https://upload.wikimedia.org/wikipedia/commons/6/69/Food_Sundanese_Restaurant%2C_Jakarta.jpg,category_fallback_menu,trusted_category_fallback
FD0374,mie bakso,mie bakso,https://upload.wikimedia.org/wikipedia/commons/a/a9/Indonesian_bakso%2C_with_noodle_and_bean_sprouts%2C_April_2018_%2803%29.jpg,invalid_or_broken,HTTP Error 429: Too many requests - please contact noc@wikimedia.org to discuss a less disruptive approach or instead use thumbnail images in sizes listed on https://w.wiki/GHai. (,https://upload.wikimedia.org/wikipedia/commons/e/ed/MIE_KERING_MAKASSAR.jpg,category_fallback_noodle,trusted_category_fallback
FD0389,nasi gemuk,nasi gemuk,https://upload.wikimedia.org/wikipedia/commons/thumb/b/bd/Nasi_Gmk.jpg/1200px-Nasi_Gmk.jpg,invalid_or_broken,HTTP Error 400: Use thumbnail sizes listed on https://w.wiki/GHai,https://upload.wikimedia.org/wikipedia/commons/8/84/Cooked_Rice_2.jpg,category_fallback_rice,trusted_category_fallback
FD0396,nasu likku masakan,nasu likku masakan,https://cdn-2.tstatic.net/makassar/foto/bank/images/nasu-likku-wajo.jpg,invalid_or_broken,<urlopen error [Errno 11001] getaddrinfo failed>,https://upload.wikimedia.org/wikipedia/commons/6/69/Food_Sundanese_Restaurant%2C_Jakarta.jpg,category_fallback_menu,trusted_category_fallback
FD0397,noga kacang tanah,noga kacang tanah,https://t-2.tstatic.net/priangan/foto/bank/images/Noga-Suuk.jpg,invalid_or_broken,<urlopen error [Errno 11001] getaddrinfo failed>,https://upload.wikimedia.org/wikipedia/commons/5/5c/Snack_Dessert.jpg,category_fallback_snack,trusted_category_fallback
FD0399,oncom goreng,oncom goreng,https://t-2.tstatic.net/medan/foto/bank/images/Resep-Oncom-Goreng-Tepung.jpg,invalid_or_broken,<urlopen error [Errno 11001] getaddrinfo failed>,https://upload.wikimedia.org/wikipedia/commons/7/79/Fried_vegetables_%28Hamsa_-_Kuwaiti_food_%29.JPG,category_fallback_vegetable,trusted_category_fallback
FD0401,oncom hitam goreng bertepung,oncom hitam goreng bertepung,https://assets.ayobandung.com/crop/0x0:0x0/750x500/webp/photo/2022/07/19/2363852219.png,invalid_or_broken,<urlopen error [Errno 11001] getaddrinfo failed>,https://upload.wikimedia.org/wikipedia/commons/7/79/Fried_vegetables_%28Hamsa_-_Kuwaiti_food_%29.JPG,category_fallback_vegetable,trusted_category_fallback
FD0402,oncom kacang tanah pepes,oncom kacang tanah pepes,https://t-2.tstatic.net/palembang/foto/bank/images/oncom_20170407_152823.jpg,invalid_or_broken,<urlopen error [Errno 11001] getaddrinfo failed>,https://upload.wikimedia.org/wikipedia/commons/7/79/Fried_vegetables_%28Hamsa_-_Kuwaiti_food_%29.JPG,category_fallback_vegetable,trusted_category_fallback
FD0329,kue satu,kue satu,https://commons.wikimedia.org/wiki/Special:FilePath/Kue%20satu%202.JPG,invalid_or_broken,HTTP Error 429: Too many requests - please contact noc@wikimedia.org to discuss a less disruptive approach or instead use thumbnail images in sizes listed on https://w.wiki/GHai. (,https://upload.wikimedia.org/wikipedia/commons/5/5c/Snack_Dessert.jpg,category_fallback_snack,trusted_category_fallback
FD0368,martabak telur,martabak telur,https://www.masakapahariini.com/wp-content/uploads/2020/10/Martabak-Telor-Bayam.jpg,invalid_or_broken,HTTP Error 403: Forbidden,https://upload.wikimedia.org/wikipedia/commons/5/5c/Snack_Dessert.jpg,category_fallback_snack,trusted_category_fallback
FD0124,dodol kedondong,dodol kedondong,https://smansabangko.sch.id/storage/smansabangko.sch.id/editor/irouKFVLfBSxITWbSup2WiqvqfbWRybMTVnpJgr8.jpg,invalid_or_broken,<urlopen error [WinError 10061] No connection could be made because the target machine actively refused it>,https://upload.wikimedia.org/wikipedia/commons/5/5c/Snack_Dessert.jpg,category_fallback_snack,trusted_category_fallback
FD0392,nasi jagung,nasi jagung,https://tokohinspiratif.id/wp-content/uploads/2019/03/WhatsApp-Image-2019-03-25-at-16.10.19-1280x640.jpeg,invalid_or_broken,<urlopen error [Errno 11001] getaddrinfo failed>,https://upload.wikimedia.org/wikipedia/commons/8/84/Cooked_Rice_2.jpg,category_fallback_rice,trusted_category_fallback
FD0394,nasi tim,nasi tim,https://www.masakapahariini.com/wp-content/uploads/2022/08/cara-membuat-nasi-tim-ayam-sayuran-mpasi.jpg,invalid_or_broken,HTTP Error 403: Forbidden,https://upload.wikimedia.org/wikipedia/commons/8/84/Cooked_Rice_2.jpg,category_fallback_rice,trusted_category_fallback
FD0381,naan maran sapi masakan,naan maran sapi masakan,https://drive.google.com/file/d/1LZOGoU3M3XcPbU5_HaAZ26ybCTbiTXpT/view?usp=sharing,invalid_or_broken,200 text/html; charset=utf-8,https://upload.wikimedia.org/wikipedia/commons/6/69/Food_Sundanese_Restaurant%2C_Jakarta.jpg,category_fallback_menu,trusted_category_fallback
FD0413,pelepah manuk masakan,pelepah manuk masakan,https://cdn2.tstatic.net/tribunnewswiki/foto/bank/images/Ilustrasi-pelepah-manuk-khas-NTT2.jpg,invalid_or_broken,<urlopen error [Errno 11001] getaddrinfo failed>,https://upload.wikimedia.org/wikipedia/commons/6/69/Food_Sundanese_Restaurant%2C_Jakarta.jpg,category_fallback_menu,trusted_category_fallback
FD0379,mie sagu,mie sagu,https://o-cdn-cas.sirclocdn.com/parenting/images/mie_sagu_goreng.width-800.format-webp.webp,invalid_or_broken,HTTP Error 404: Not Found,https://upload.wikimedia.org/wikipedia/commons/e/ed/MIE_KERING_MAKASSAR.jpg,category_fallback_noodle,trusted_category_fallback
FD0417,pempek kelesan,pempek kelesan,https://assets.ayobandung.com/crop/0x0:0x0/750x500/webp/photo/halloseleb/2020/11/Pempek-1.png,invalid_or_broken,<urlopen error [Errno 11001] getaddrinfo failed>,https://upload.wikimedia.org/wikipedia/commons/5/5c/Snack_Dessert.jpg,category_fallback_snack,trusted_category_fallback
FD0388,nasi beras merah,nasi beras merah,https://www.masakapahariini.com/wp-content/uploads/2019/11/nasi-tim-beras-merah.jpg,invalid_or_broken,HTTP Error 403: Forbidden,https://upload.wikimedia.org/wikipedia/commons/8/84/Cooked_Rice_2.jpg,category_fallback_rice,trusted_category_fallback
FD0395,nasi uduk,nasi uduk,https://img.kurio.network/P1Obhh7cenTadrAZ6Hc_XPjaVws=/1200x1200/filters:quality(80)/https://kurio-img.kurioapps.com/21/09/01/53606332-ec0c-478c-add9-78815b5cc658.jpe,invalid_or_broken,200 text/html; charset=UTF-8,https://upload.wikimedia.org/wikipedia/commons/8/84/Cooked_Rice_2.jpg,category_fallback_rice,trusted_category_fallback
FD0354,mangga harum manis,mangga harum manis,https://www.rumahtanaman.com/wp-content/uploads/2018/01/Slide8.jpg,invalid_or_broken,200 text/html,https://upload.wikimedia.org/wikipedia/commons/c/c9/Avocado_Hass_-_single_and_halved.jpg,category_fallback_fruit,trusted_category_fallback
FD0280,kentang hitam,kentang hitam,https://www.satuharapan.com/uploads/cache/news_69316_1481712492.jpg,invalid_or_broken,200 text/html; charset=utf-8,https://upload.wikimedia.org/wikipedia/commons/7/79/Fried_vegetables_%28Hamsa_-_Kuwaiti_food_%29.JPG,category_fallback_vegetable,trusted_category_fallback
FD0434,pisang ambon,pisang ambon,https://sibejajo.com/asset/foto_produk/pisang_ambon.jpg,invalid_or_broken,<urlopen error [Errno 11001] getaddrinfo failed>,https://upload.wikimedia.org/wikipedia/commons/6/69/Food_Sundanese_Restaurant%2C_Jakarta.jpg,category_fallback_menu,trusted_category_fallback
FD0377,mie goreng,mie goreng,https://kbu-cdn.com/dk/wp-content/uploads/mie-goreng-korea.jpg,invalid_or_broken,HTTP Error 404: Not Found,https://upload.wikimedia.org/wikipedia/commons/e/ed/MIE_KERING_MAKASSAR.jpg,category_fallback_noodle,trusted_category_fallback
FD0408,oramu ninahu ndawa olaho masakan,oramu ninahu ndawa olaho masakan,https://drive.google.com/file/d/1LZOGoU3M3XcPbU5_HaAZ26ybCTbiTXpT/view?usp=sharing,invalid_or_broken,200 text/html; charset=utf-8,https://upload.wikimedia.org/wikipedia/commons/6/69/Food_Sundanese_Restaurant%2C_Jakarta.jpg,category_fallback_menu,trusted_category_fallback
FD0393,nasi rames,nasi rames,https://o-cdn-cas.sirclocdn.com/parenting/images/nasi-rames.width-800.format-webp.webp,invalid_or_broken,HTTP Error 404: Not Found,https://upload.wikimedia.org/wikipedia/commons/8/84/Cooked_Rice_2.jpg,category_fallback_rice,trusted_category_fallback
FD0207,jambu air,jambu air,https://demfarm.id/wp-content/uploads/2022/08/rose-apples-or-chomphu-isolated-on-white-backgroun-2021-09-03-19-03-57-utc-1024x768.jpg,invalid_or_broken,HTTP Error 404: Not Found,https://upload.wikimedia.org/wikipedia/commons/c/c9/Avocado_Hass_-_single_and_halved.jpg,category_fallback_fruit,trusted_category_fallback
FD0443,pisang kidang segar,pisang kidang segar,"https://s3.theasianparent.com/cdn-cgi/image/width=450,quality=90/tap-assets-prod/wp-content/uploads/sites/24/2023/01/Pisang-Genderuwo.jpg",invalid_or_broken,HTTP Error 404: Not Found,https://upload.wikimedia.org/wikipedia/commons/6/69/Food_Sundanese_Restaurant%2C_Jakarta.jpg,category_fallback_menu,trusted_category_fallback
FD0452,pisang talas segar,pisang talas segar,https://s3.bukalapak.com/img/874746887/large/Pisang_Talas.jpeg,invalid_or_broken,HTTP Error 404: Not Found,https://upload.wikimedia.org/wikipedia/commons/6/69/Food_Sundanese_Restaurant%2C_Jakarta.jpg,category_fallback_menu,trusted_category_fallback
FD0460,rawon masakan,rawon masakan,https://www.masakapahariini.com/wp-content/uploads/2018/04/resep-rawon-daging-500x300.jpg,invalid_or_broken,HTTP Error 403: Forbidden,https://upload.wikimedia.org/wikipedia/commons/6/69/Food_Sundanese_Restaurant%2C_Jakarta.jpg,category_fallback_menu,trusted_category_fallback
FD0404,oncom merah goreng bertepung,oncom merah goreng bertepung,https://kbu-cdn.com/dk/wp-content/uploads/oncom-goreng.jpg,invalid_or_broken,HTTP Error 404: Not Found,https://upload.wikimedia.org/wikipedia/commons/7/79/Fried_vegetables_%28Hamsa_-_Kuwaiti_food_%29.JPG,category_fallback_vegetable,trusted_category_fallback
FD0480,sale pisang siam,sale pisang siam,https://t-2.tstatic.net/priangan/foto/bank/images/Ilustrasi-sale-pisang-dari-Trenggalek.jpg,invalid_or_broken,<urlopen error [Errno 11001] getaddrinfo failed>,https://upload.wikimedia.org/wikipedia/commons/6/69/Food_Sundanese_Restaurant%2C_Jakarta.jpg,category_fallback_menu,trusted_category_fallback
FD0444,pisang lampung,pisang lampung,https://amantasegar.com/wp-content/uploads/2022/03/pisang-lampung-web.jpg,invalid_or_broken,<urlopen error [Errno 11001] getaddrinfo failed>,https://upload.wikimedia.org/wikipedia/commons/6/69/Food_Sundanese_Restaurant%2C_Jakarta.jpg,category_fallback_menu,trusted_category_fallback
FD0496,sayur kohu-kohu,sayur kohu-kohu,https://cdn2.tstatic.net/tribunnewswiki/foto/bank/images/Kohu-Kohu-1.jpg,invalid_or_broken,<urlopen error [Errno 11001] getaddrinfo failed>,https://upload.wikimedia.org/wikipedia/commons/7/79/Fried_vegetables_%28Hamsa_-_Kuwaiti_food_%29.JPG,category_fallback_vegetable,trusted_category_fallback
FD0499,sayur ndusuk,sayur ndusuk,https://assets.ayobandung.com/crop/0x0:0x0/750x500/webp/photo/2023/03/28/ndusuk-975786137.jpg,invalid_or_broken,<urlopen error [Errno 11001] getaddrinfo failed>,https://upload.wikimedia.org/wikipedia/commons/7/79/Fried_vegetables_%28Hamsa_-_Kuwaiti_food_%29.JPG,category_fallback_vegetable,trusted_category_fallback
FD0478,salak medan segar,salak medan segar,https://s4.bukalapak.com/img/9684256368/large/data.png,invalid_or_broken,HTTP Error 404: Not Found,https://upload.wikimedia.org/wikipedia/commons/6/69/Food_Sundanese_Restaurant%2C_Jakarta.jpg,category_fallback_menu,trusted_category_fallback
FD0507,serbuk coklat,serbuk coklat,https://static.sehatq.com/content/review/image/1622196432.jpeg,invalid_or_broken,200 text/html,https://upload.wikimedia.org/wikipedia/commons/6/69/Food_Sundanese_Restaurant%2C_Jakarta.jpg,category_fallback_menu,trusted_category_fallback
FD0519,sop kool,sop kool,https://gallery-jateng.poskota.co.id/storage/Foto/2020/1608103380_1-org.png,invalid_or_broken,<urlopen error [Errno 11001] getaddrinfo failed>,https://upload.wikimedia.org/wikipedia/commons/6/69/Food_Sundanese_Restaurant%2C_Jakarta.jpg,category_fallback_menu,trusted_category_fallback
FD0418,pempek kulit,pempek kulit,https://img.kurio.network/qccsgXHXu9eyYhL6WTN-KoaY8xE=/1200x1200/filters:quality(80)/https://kurio-img.kurioapps.com/20/06/05/40ff5973-31a7-407f-be12-b3d3af335023.jpg,invalid_or_broken,200 text/html; charset=UTF-8,https://upload.wikimedia.org/wikipedia/commons/5/5c/Snack_Dessert.jpg,category_fallback_snack,trusted_category_fallback
FD0495,sayur garu,sayur garu,https://image.akurat.co/images/uploads/images/akurat_20181220020604_MYQ3rr.jpg,invalid_or_broken,HTTP Error 404: Not Found,https://upload.wikimedia.org/wikipedia/commons/7/79/Fried_vegetables_%28Hamsa_-_Kuwaiti_food_%29.JPG,category_fallback_vegetable,trusted_category_fallback
FD0512,singkong tape,singkong tape,https://image-cdn.medkomtek.com/KWOw6uO2QBAVuCumxbrxIkbIIek=/1200x675/smart/klikdokter-media-buckets/medias/2321509/original/051458700_1606124573-Awas-Kebanyakan-Makan-Tape-Singkong-Bikin-Keputihan-shutterstock_1790685980.jpg,invalid_or_broken,HTTP Error 503: Service Temporarily Unavailable,https://upload.wikimedia.org/wikipedia/commons/6/69/Food_Sundanese_Restaurant%2C_Jakarta.jpg,category_fallback_menu,trusted_category_fallback
FD0524,soto betawi masakan,soto betawi masakan,https://www.unileverfoodsolutions.co.id/dam/global-ufs/mcos/SEA/calcmenu/recipes/ID-recipes/soups/soto-betawi/main-header.jpg,invalid_or_broken,HTTP Error 403: Forbidden,https://upload.wikimedia.org/wikipedia/commons/6/69/Food_Sundanese_Restaurant%2C_Jakarta.jpg,category_fallback_menu,trusted_category_fallback
FD0489,sate penyu masakan,sate penyu masakan,https://booking-bali-villas.com/bali/wp-content/uploads/2014/10/Sate-Penyu-e1412911561808.jpg,invalid_or_broken,HTTP Error 404: Not Found,https://upload.wikimedia.org/wikipedia/commons/6/69/Food_Sundanese_Restaurant%2C_Jakarta.jpg,category_fallback_menu,trusted_category_fallback
FD0527,soto kudus masakan,soto kudus masakan,https://www.masakapahariini.com/wp-content/uploads/2020/02/soto-kudus-7.jpg,invalid_or_broken,HTTP Error 403: Forbidden,https://upload.wikimedia.org/wikipedia/commons/6/69/Food_Sundanese_Restaurant%2C_Jakarta.jpg,category_fallback_menu,trusted_category_fallback
FD0523,soto banjar masakan,soto banjar masakan,https://www.masakapahariini.com/wp-content/uploads/2019/06/5.jpg,invalid_or_broken,HTTP Error 403: Forbidden,https://upload.wikimedia.org/wikipedia/commons/6/69/Food_Sundanese_Restaurant%2C_Jakarta.jpg,category_fallback_menu,trusted_category_fallback
FD0525,soto dengan daging,soto dengan daging,https://img.kurio.network/mjtADdO0Q-nnAohGaTqVBvp8rMc=/1200x1200/filters:quality(80)/https://kurio-img.kurioapps.com/21/03/01/0bfa7a3d-28f6-440f-907b-def23ccb96d9.jpe,invalid_or_broken,200 text/html; charset=UTF-8,https://upload.wikimedia.org/wikipedia/commons/2/2c/Fried-Chicken-Set.jpg,category_fallback_protein,trusted_category_fallback
FD0536,sukiyaki masakan,sukiyaki masakan,https://www.masakapahariini.com/wp-content/uploads/2022/05/sukiyaki-praktis.jpg,invalid_or_broken,HTTP Error 403: Forbidden,https://upload.wikimedia.org/wikipedia/commons/6/69/Food_Sundanese_Restaurant%2C_Jakarta.jpg,category_fallback_menu,trusted_category_fallback
FD0493,sayur asem,sayur asem,https://kbu-cdn.com/dk/wp-content/uploads/sayur-asem-betawi.jpg,invalid_or_broken,HTTP Error 404: Not Found,https://upload.wikimedia.org/wikipedia/commons/7/79/Fried_vegetables_%28Hamsa_-_Kuwaiti_food_%29.JPG,category_fallback_vegetable,trusted_category_fallback
FD0069,bonggol pisang kering,bonggol pisang kering,https://www.pertanianku.com/wp-content/uploads/2021/04/Keripik-Bonggol-Pisang-Berhasil-Tembus-Pasar-Ekspor.jpg,invalid_or_broken,200 text/html,https://upload.wikimedia.org/wikipedia/commons/6/69/Food_Sundanese_Restaurant%2C_Jakarta.jpg,category_fallback_menu,trusted_category_fallback
FD0351,mangga benggala segar,mangga benggala segar,"https://ik.imagekit.io/dcjlghyytp1/2020/10/mangga-indramayu.jpg?tr=f-auto,w-380",invalid_or_broken,HTTP Error 404: Not Found,https://upload.wikimedia.org/wikipedia/commons/c/c9/Avocado_Hass_-_single_and_halved.jpg,category_fallback_fruit,trusted_category_fallback
FD0567,teri balado masakan,teri balado masakan,https://t-2.tstatic.net/medan/foto/bank/images/Resep-Balado-Teri-Kacang.jpg,invalid_or_broken,<urlopen error [Errno 11001] getaddrinfo failed>,https://upload.wikimedia.org/wikipedia/commons/6/69/Food_Sundanese_Restaurant%2C_Jakarta.jpg,category_fallback_menu,trusted_category_fallback
FD0572,tim nasi tim,tim nasi tim,https://www.mooimom.id/media/ck-uploads/2022/06/28/nasi-tim-bayi-bubur-ayam_lnEjENK.jpg,invalid_or_broken,HTTP Error 404: Not Found,https://upload.wikimedia.org/wikipedia/commons/8/84/Cooked_Rice_2.jpg,category_fallback_rice,trusted_category_fallback
FD0549,taoge goreng,taoge goreng,https://img.kurio.network/bmizo0RfhrurmaxfSXqouGMMD2s=/1200x900/filters:quality(80)/https://kurio-img.kurioapps.com/21/03/26/55ee220c-cf46-492e-8d45-58bc5fd972b2.jpe,invalid_or_broken,200 text/html; charset=UTF-8,https://upload.wikimedia.org/wikipedia/commons/6/69/Food_Sundanese_Restaurant%2C_Jakarta.jpg,category_fallback_menu,trusted_category_fallback
FD0423,pepaya muda,pepaya muda,https://static.readers.id/files/images/20230203-60b84fc2b2b72.jpg,invalid_or_broken,204 ,https://upload.wikimedia.org/wikipedia/commons/6/69/Food_Sundanese_Restaurant%2C_Jakarta.jpg,category_fallback_menu,trusted_category_fallback
FD0585,ubi jalar tinta kemayung kukus,ubi jalar tinta kemayung kukus,https://cdn.idntimes.com/content-images/community/2019/06/purple-yam-ftr-f836c41ea4cc37b95697e80a21b109e1.jpg,invalid_or_broken,HTTP Error 502: Bad Gateway,https://upload.wikimedia.org/wikipedia/commons/6/69/Food_Sundanese_Restaurant%2C_Jakarta.jpg,category_fallback_menu,trusted_category_fallback
FD0584,ubi jalar tinta kemayung,ubi jalar tinta kemayung,https://o-cdn-cas.sirclocdn.com/parenting/images/ubi-jalar_lllsrRt.width-800.format-webp.webp,invalid_or_broken,HTTP Error 404: Not Found,https://upload.wikimedia.org/wikipedia/commons/6/69/Food_Sundanese_Restaurant%2C_Jakarta.jpg,category_fallback_menu,trusted_category_fallback
FD0532,soto sukaraja masakan,soto sukaraja masakan,https://www.piknikdong.com/wp-content/uploads/2021/04/Resep-Soto-Sokaraja.jpg,invalid_or_broken,200 text/html; charset=UTF-8,https://upload.wikimedia.org/wikipedia/commons/6/69/Food_Sundanese_Restaurant%2C_Jakarta.jpg,category_fallback_menu,trusted_category_fallback
FD0543,susu skim tak berlemak,susu skim tak berlemak,https://www.frieslandcampinainstitute.com/uploads/sites/23/2023/01/Bottle-and-glass-of-milk-1540x1540-1.jpg,invalid_or_broken,HTTP Error 500: Internal Server Error,https://upload.wikimedia.org/wikipedia/commons/1/1a/Milk_Allergy.jpg,category_fallback_dairy,trusted_category_fallback
FD0574,tomat masak,tomat masak,https://ik.imagekit.io/dcjlghyytp1/2020/01/tomatoes-5356_1920-1.jpg?tr=f-auto,invalid_or_broken,HTTP Error 404: Not Found,https://upload.wikimedia.org/wikipedia/commons/6/69/Food_Sundanese_Restaurant%2C_Jakarta.jpg,category_fallback_menu,trusted_category_fallback
FD0426,pete segar,pete segar,https://images.tokopedia.net/img/cache/500-square/VqbcmM/2021/7/28/7234b1e2-2f75-4f28-a167-2b163cfb0484.jpg,invalid_or_broken,HTTP Error 404: Not Found,https://upload.wikimedia.org/wikipedia/commons/6/69/Food_Sundanese_Restaurant%2C_Jakarta.jpg,category_fallback_menu,trusted_category_fallback
FD0177,ikan lais bakar,ikan lais bakar,https://dotdolan.com/wp-content/uploads/2022/04/Olahan-Lais_IG-@rukurukuresto-e1649583973110.jpeg,invalid_or_broken,<urlopen error [Errno 11001] getaddrinfo failed>,https://upload.wikimedia.org/wikipedia/commons/2/2c/Fried-Chicken-Set.jpg,category_fallback_protein,trusted_category_fallback
FD0247,kacang metebiji jambu monyet segar,kacang metebiji jambu monyet segar,https://sambikelen.lombokutarakab.go.id/assets/files/artikel/sedang_14889020189829709594_313eba7317.jpg,invalid_or_broken,<urlopen error timed out>,https://upload.wikimedia.org/wikipedia/commons/c/c9/Avocado_Hass_-_single_and_halved.jpg,category_fallback_fruit,trusted_category_fallback
